{
    "d": [{
        "Tags": [],
        "PhotoId": "16355934001",
        "UserId": "78282505@N03",
        "Secret": "0930b24c8a",
        "Server": "8606",
        "Farm": "9",
        "Title": "Forestry tractor",
        "IsPublic": true,
        "IsFriend": false,
        "IsFamily": false,
        "License": 0,
        "OriginalWidth": 0,
        "OriginalHeight": 0,
        "DateUploaded": "/Date(-62135578800000)/",
        "LastUpdated": "/Date(-62135578800000)/",
        "DateTaken": "/Date(-62135578800000)/",
        "DateAddedToGroup": null,
        "DateFavorited": null,
        "OwnerName": null,
        "IconServer": null,
        "IconFarm": null,
        "OriginalFormat": null,
        "OriginalSecret": null,
        "MachineTags": null,
        "WebUrl": "https://www.flickr.com/photos/78282505@N03/16355934001/",
        "SquareThumbnailUrl": "https://farm9.staticflickr.com/8606/16355934001_0930b24c8a_s.jpg",
        "SquareThumbnailWidth": null,
        "SquareThumbnailHeight": null,
        "LargeSquareThumbnailUrl": "https://farm9.staticflickr.com/8606/16355934001_0930b24c8a_q.jpg",
        "LargeSquareThumbnailWidth": null,
        "LargeSquareThumbnailHeight": null,
        "ThumbnailUrl": "https://farm9.staticflickr.com/8606/16355934001_0930b24c8a_t.jpg",
        "ThumbnailWidth": null,
        "ThumbnailHeight": null,
        "SmallUrl": "https://farm9.staticflickr.com/8606/16355934001_0930b24c8a_m.jpg",
        "SmallWidth": null,
        "SmallHeight": null,
        "Small320Url": "https://farm9.staticflickr.com/8606/16355934001_0930b24c8a_n.jpg",
        "Small320Width": null,
        "Small320Height": null,
        "Medium640Url": "https://farm9.staticflickr.com/8606/16355934001_0930b24c8a_z.jpg",
        "Medium640Width": null,
        "Medium640Height": null,
        "Medium800Url": "https://farm9.staticflickr.com/8606/16355934001_0930b24c8a_z.jpg",
        "Medium800Width": null,
        "Medium800Height": null,
        "Large1600Url": null,
        "Large1600Width": null,
        "Large1600Height": null,
        "Large2048Url": null,
        "Large2048Width": null,
        "Large2048Height": null,
        "MediumUrl": "https://farm9.staticflickr.com/8606/16355934001_0930b24c8a.jpg",
        "MediumWidth": null,
        "MediumHeight": null,
        "LargeUrl": "https://farm9.staticflickr.com/8606/16355934001_0930b24c8a_b.jpg",
        "LargeWidth": null,
        "LargeHeight": null,
        "OriginalUrl": null,
        "Latitude": 0,
        "Longitude": 0,
        "PlaceId": null,
        "WoeId": null,
        "Accuracy": 0,
        "GeoContext": null,
        "CanComment": null,
        "CanPrint": null,
        "CanDownload": null,
        "CanAddMeta": null,
        "CanBlog": null,
        "CanShare": null,
        "Views": null,
        "Media": null,
        "PathAlias": null,
        "MediaStatus": null,
        "Description": null,
        "GeoPermissions": null,
        "Rotation": null,
        "CountFaves": null,
        "CountComments": null,
        "DoesLargeExist": false,
        "DoesMediumExist": false
    }, {
        "Tags": [],
        "PhotoId": "16170064478",
        "UserId": "78282505@N03",
        "Secret": "50cf134600",
        "Server": "7453",
        "Farm": "8",
        "Title": "Forestry machine front",
        "IsPublic": true,
        "IsFriend": false,
        "IsFamily": false,
        "License": 0,
        "OriginalWidth": 0,
        "OriginalHeight": 0,
        "DateUploaded": "/Date(-62135578800000)/",
        "LastUpdated": "/Date(-62135578800000)/",
        "DateTaken": "/Date(-62135578800000)/",
        "DateAddedToGroup": null,
        "DateFavorited": null,
        "OwnerName": null,
        "IconServer": null,
        "IconFarm": null,
        "OriginalFormat": null,
        "OriginalSecret": null,
        "MachineTags": null,
        "WebUrl": "https://www.flickr.com/photos/78282505@N03/16170064478/",
        "SquareThumbnailUrl": "https://farm8.staticflickr.com/7453/16170064478_50cf134600_s.jpg",
        "SquareThumbnailWidth": null,
        "SquareThumbnailHeight": null,
        "LargeSquareThumbnailUrl": "https://farm8.staticflickr.com/7453/16170064478_50cf134600_q.jpg",
        "LargeSquareThumbnailWidth": null,
        "LargeSquareThumbnailHeight": null,
        "ThumbnailUrl": "https://farm8.staticflickr.com/7453/16170064478_50cf134600_t.jpg",
        "ThumbnailWidth": null,
        "ThumbnailHeight": null,
        "SmallUrl": "https://farm8.staticflickr.com/7453/16170064478_50cf134600_m.jpg",
        "SmallWidth": null,
        "SmallHeight": null,
        "Small320Url": "https://farm8.staticflickr.com/7453/16170064478_50cf134600_n.jpg",
        "Small320Width": null,
        "Small320Height": null,
        "Medium640Url": "https://farm8.staticflickr.com/7453/16170064478_50cf134600_z.jpg",
        "Medium640Width": null,
        "Medium640Height": null,
        "Medium800Url": "https://farm8.staticflickr.com/7453/16170064478_50cf134600_z.jpg",
        "Medium800Width": null,
        "Medium800Height": null,
        "Large1600Url": null,
        "Large1600Width": null,
        "Large1600Height": null,
        "Large2048Url": null,
        "Large2048Width": null,
        "Large2048Height": null,
        "MediumUrl": "https://farm8.staticflickr.com/7453/16170064478_50cf134600.jpg",
        "MediumWidth": null,
        "MediumHeight": null,
        "LargeUrl": "https://farm8.staticflickr.com/7453/16170064478_50cf134600_b.jpg",
        "LargeWidth": null,
        "LargeHeight": null,
        "OriginalUrl": null,
        "Latitude": 0,
        "Longitude": 0,
        "PlaceId": null,
        "WoeId": null,
        "Accuracy": 0,
        "GeoContext": null,
        "CanComment": null,
        "CanPrint": null,
        "CanDownload": null,
        "CanAddMeta": null,
        "CanBlog": null,
        "CanShare": null,
        "Views": null,
        "Media": null,
        "PathAlias": null,
        "MediaStatus": null,
        "Description": null,
        "GeoPermissions": null,
        "Rotation": null,
        "CountFaves": null,
        "CountComments": null,
        "DoesLargeExist": false,
        "DoesMediumExist": false
    }, {
        "Tags": [],
        "PhotoId": "16356011181",
        "UserId": "35428757@N00",
        "Secret": "03cde8f691",
        "Server": "7337",
        "Farm": "8",
        "Title": "North Queensferry and Forth Rail Bridge",
        "IsPublic": true,
        "IsFriend": false,
        "IsFamily": false,
        "License": 0,
        "OriginalWidth": 0,
        "OriginalHeight": 0,
        "DateUploaded": "/Date(-62135578800000)/",
        "LastUpdated": "/Date(-62135578800000)/",
        "DateTaken": "/Date(-62135578800000)/",
        "DateAddedToGroup": null,
        "DateFavorited": null,
        "OwnerName": null,
        "IconServer": null,
        "IconFarm": null,
        "OriginalFormat": null,
        "OriginalSecret": null,
        "MachineTags": null,
        "WebUrl": "https://www.flickr.com/photos/35428757@N00/16356011181/",
        "SquareThumbnailUrl": "https://farm8.staticflickr.com/7337/16356011181_03cde8f691_s.jpg",
        "SquareThumbnailWidth": null,
        "SquareThumbnailHeight": null,
        "LargeSquareThumbnailUrl": "https://farm8.staticflickr.com/7337/16356011181_03cde8f691_q.jpg",
        "LargeSquareThumbnailWidth": null,
        "LargeSquareThumbnailHeight": null,
        "ThumbnailUrl": "https://farm8.staticflickr.com/7337/16356011181_03cde8f691_t.jpg",
        "ThumbnailWidth": null,
        "ThumbnailHeight": null,
        "SmallUrl": "https://farm8.staticflickr.com/7337/16356011181_03cde8f691_m.jpg",
        "SmallWidth": null,
        "SmallHeight": null,
        "Small320Url": "https://farm8.staticflickr.com/7337/16356011181_03cde8f691_n.jpg",
        "Small320Width": null,
        "Small320Height": null,
        "Medium640Url": "https://farm8.staticflickr.com/7337/16356011181_03cde8f691_z.jpg",
        "Medium640Width": null,
        "Medium640Height": null,
        "Medium800Url": "https://farm8.staticflickr.com/7337/16356011181_03cde8f691_z.jpg",
        "Medium800Width": null,
        "Medium800Height": null,
        "Large1600Url": null,
        "Large1600Width": null,
        "Large1600Height": null,
        "Large2048Url": null,
        "Large2048Width": null,
        "Large2048Height": null,
        "MediumUrl": "https://farm8.staticflickr.com/7337/16356011181_03cde8f691.jpg",
        "MediumWidth": null,
        "MediumHeight": null,
        "LargeUrl": "https://farm8.staticflickr.com/7337/16356011181_03cde8f691_b.jpg",
        "LargeWidth": null,
        "LargeHeight": null,
        "OriginalUrl": null,
        "Latitude": 0,
        "Longitude": 0,
        "PlaceId": null,
        "WoeId": null,
        "Accuracy": 0,
        "GeoContext": null,
        "CanComment": null,
        "CanPrint": null,
        "CanDownload": null,
        "CanAddMeta": null,
        "CanBlog": null,
        "CanShare": null,
        "Views": null,
        "Media": null,
        "PathAlias": null,
        "MediaStatus": null,
        "Description": null,
        "GeoPermissions": null,
        "Rotation": null,
        "CountFaves": null,
        "CountComments": null,
        "DoesLargeExist": false,
        "DoesMediumExist": false
    }, {
        "Tags": [],
        "PhotoId": "16356009251",
        "UserId": "35428757@N00",
        "Secret": "e14194a6b7",
        "Server": "7417",
        "Farm": "8",
        "Title": "North Queensferry and Forth Rail Bridge",
        "IsPublic": true,
        "IsFriend": false,
        "IsFamily": false,
        "License": 0,
        "OriginalWidth": 0,
        "OriginalHeight": 0,
        "DateUploaded": "/Date(-62135578800000)/",
        "LastUpdated": "/Date(-62135578800000)/",
        "DateTaken": "/Date(-62135578800000)/",
        "DateAddedToGroup": null,
        "DateFavorited": null,
        "OwnerName": null,
        "IconServer": null,
        "IconFarm": null,
        "OriginalFormat": null,
        "OriginalSecret": null,
        "MachineTags": null,
        "WebUrl": "https://www.flickr.com/photos/35428757@N00/16356009251/",
        "SquareThumbnailUrl": "https://farm8.staticflickr.com/7417/16356009251_e14194a6b7_s.jpg",
        "SquareThumbnailWidth": null,
        "SquareThumbnailHeight": null,
        "LargeSquareThumbnailUrl": "https://farm8.staticflickr.com/7417/16356009251_e14194a6b7_q.jpg",
        "LargeSquareThumbnailWidth": null,
        "LargeSquareThumbnailHeight": null,
        "ThumbnailUrl": "https://farm8.staticflickr.com/7417/16356009251_e14194a6b7_t.jpg",
        "ThumbnailWidth": null,
        "ThumbnailHeight": null,
        "SmallUrl": "https://farm8.staticflickr.com/7417/16356009251_e14194a6b7_m.jpg",
        "SmallWidth": null,
        "SmallHeight": null,
        "Small320Url": "https://farm8.staticflickr.com/7417/16356009251_e14194a6b7_n.jpg",
        "Small320Width": null,
        "Small320Height": null,
        "Medium640Url": "https://farm8.staticflickr.com/7417/16356009251_e14194a6b7_z.jpg",
        "Medium640Width": null,
        "Medium640Height": null,
        "Medium800Url": "https://farm8.staticflickr.com/7417/16356009251_e14194a6b7_z.jpg",
        "Medium800Width": null,
        "Medium800Height": null,
        "Large1600Url": null,
        "Large1600Width": null,
        "Large1600Height": null,
        "Large2048Url": null,
        "Large2048Width": null,
        "Large2048Height": null,
        "MediumUrl": "https://farm8.staticflickr.com/7417/16356009251_e14194a6b7.jpg",
        "MediumWidth": null,
        "MediumHeight": null,
        "LargeUrl": "https://farm8.staticflickr.com/7417/16356009251_e14194a6b7_b.jpg",
        "LargeWidth": null,
        "LargeHeight": null,
        "OriginalUrl": null,
        "Latitude": 0,
        "Longitude": 0,
        "PlaceId": null,
        "WoeId": null,
        "Accuracy": 0,
        "GeoContext": null,
        "CanComment": null,
        "CanPrint": null,
        "CanDownload": null,
        "CanAddMeta": null,
        "CanBlog": null,
        "CanShare": null,
        "Views": null,
        "Media": null,
        "PathAlias": null,
        "MediaStatus": null,
        "Description": null,
        "GeoPermissions": null,
        "Rotation": null,
        "CountFaves": null,
        "CountComments": null,
        "DoesLargeExist": false,
        "DoesMediumExist": false
    }, {
        "Tags": [],
        "PhotoId": "16170092898",
        "UserId": "33443905@N04",
        "Secret": "967316608f",
        "Server": "8602",
        "Farm": "9",
        "Title": "Urban Horror Story",
        "IsPublic": true,
        "IsFriend": false,
        "IsFamily": false,
        "License": 0,
        "OriginalWidth": 0,
        "OriginalHeight": 0,
        "DateUploaded": "/Date(-62135578800000)/",
        "LastUpdated": "/Date(-62135578800000)/",
        "DateTaken": "/Date(-62135578800000)/",
        "DateAddedToGroup": null,
        "DateFavorited": null,
        "OwnerName": null,
        "IconServer": null,
        "IconFarm": null,
        "OriginalFormat": null,
        "OriginalSecret": null,
        "MachineTags": null,
        "WebUrl": "https://www.flickr.com/photos/33443905@N04/16170092898/",
        "SquareThumbnailUrl": "https://farm9.staticflickr.com/8602/16170092898_967316608f_s.jpg",
        "SquareThumbnailWidth": null,
        "SquareThumbnailHeight": null,
        "LargeSquareThumbnailUrl": "https://farm9.staticflickr.com/8602/16170092898_967316608f_q.jpg",
        "LargeSquareThumbnailWidth": null,
        "LargeSquareThumbnailHeight": null,
        "ThumbnailUrl": "https://farm9.staticflickr.com/8602/16170092898_967316608f_t.jpg",
        "ThumbnailWidth": null,
        "ThumbnailHeight": null,
        "SmallUrl": "https://farm9.staticflickr.com/8602/16170092898_967316608f_m.jpg",
        "SmallWidth": null,
        "SmallHeight": null,
        "Small320Url": "https://farm9.staticflickr.com/8602/16170092898_967316608f_n.jpg",
        "Small320Width": null,
        "Small320Height": null,
        "Medium640Url": "https://farm9.staticflickr.com/8602/16170092898_967316608f_z.jpg",
        "Medium640Width": null,
        "Medium640Height": null,
        "Medium800Url": "https://farm9.staticflickr.com/8602/16170092898_967316608f_z.jpg",
        "Medium800Width": null,
        "Medium800Height": null,
        "Large1600Url": null,
        "Large1600Width": null,
        "Large1600Height": null,
        "Large2048Url": null,
        "Large2048Width": null,
        "Large2048Height": null,
        "MediumUrl": "https://farm9.staticflickr.com/8602/16170092898_967316608f.jpg",
        "MediumWidth": null,
        "MediumHeight": null,
        "LargeUrl": "https://farm9.staticflickr.com/8602/16170092898_967316608f_b.jpg",
        "LargeWidth": null,
        "LargeHeight": null,
        "OriginalUrl": null,
        "Latitude": 0,
        "Longitude": 0,
        "PlaceId": null,
        "WoeId": null,
        "Accuracy": 0,
        "GeoContext": null,
        "CanComment": null,
        "CanPrint": null,
        "CanDownload": null,
        "CanAddMeta": null,
        "CanBlog": null,
        "CanShare": null,
        "Views": null,
        "Media": null,
        "PathAlias": null,
        "MediaStatus": null,
        "Description": null,
        "GeoPermissions": null,
        "Rotation": null,
        "CountFaves": null,
        "CountComments": null,
        "DoesLargeExist": false,
        "DoesMediumExist": false
    }, {
        "Tags": [],
        "PhotoId": "16171790567",
        "UserId": "78282505@N03",
        "Secret": "a0e8768327",
        "Server": "7296",
        "Farm": "8",
        "Title": "Snowy foest",
        "IsPublic": true,
        "IsFriend": false,
        "IsFamily": false,
        "License": 0,
        "OriginalWidth": 0,
        "OriginalHeight": 0,
        "DateUploaded": "/Date(-62135578800000)/",
        "LastUpdated": "/Date(-62135578800000)/",
        "DateTaken": "/Date(-62135578800000)/",
        "DateAddedToGroup": null,
        "DateFavorited": null,
        "OwnerName": null,
        "IconServer": null,
        "IconFarm": null,
        "OriginalFormat": null,
        "OriginalSecret": null,
        "MachineTags": null,
        "WebUrl": "https://www.flickr.com/photos/78282505@N03/16171790567/",
        "SquareThumbnailUrl": "https://farm8.staticflickr.com/7296/16171790567_a0e8768327_s.jpg",
        "SquareThumbnailWidth": null,
        "SquareThumbnailHeight": null,
        "LargeSquareThumbnailUrl": "https://farm8.staticflickr.com/7296/16171790567_a0e8768327_q.jpg",
        "LargeSquareThumbnailWidth": null,
        "LargeSquareThumbnailHeight": null,
        "ThumbnailUrl": "https://farm8.staticflickr.com/7296/16171790567_a0e8768327_t.jpg",
        "ThumbnailWidth": null,
        "ThumbnailHeight": null,
        "SmallUrl": "https://farm8.staticflickr.com/7296/16171790567_a0e8768327_m.jpg",
        "SmallWidth": null,
        "SmallHeight": null,
        "Small320Url": "https://farm8.staticflickr.com/7296/16171790567_a0e8768327_n.jpg",
        "Small320Width": null,
        "Small320Height": null,
        "Medium640Url": "https://farm8.staticflickr.com/7296/16171790567_a0e8768327_z.jpg",
        "Medium640Width": null,
        "Medium640Height": null,
        "Medium800Url": "https://farm8.staticflickr.com/7296/16171790567_a0e8768327_z.jpg",
        "Medium800Width": null,
        "Medium800Height": null,
        "Large1600Url": null,
        "Large1600Width": null,
        "Large1600Height": null,
        "Large2048Url": null,
        "Large2048Width": null,
        "Large2048Height": null,
        "MediumUrl": "https://farm8.staticflickr.com/7296/16171790567_a0e8768327.jpg",
        "MediumWidth": null,
        "MediumHeight": null,
        "LargeUrl": "https://farm8.staticflickr.com/7296/16171790567_a0e8768327_b.jpg",
        "LargeWidth": null,
        "LargeHeight": null,
        "OriginalUrl": null,
        "Latitude": 0,
        "Longitude": 0,
        "PlaceId": null,
        "WoeId": null,
        "Accuracy": 0,
        "GeoContext": null,
        "CanComment": null,
        "CanPrint": null,
        "CanDownload": null,
        "CanAddMeta": null,
        "CanBlog": null,
        "CanShare": null,
        "Views": null,
        "Media": null,
        "PathAlias": null,
        "MediaStatus": null,
        "Description": null,
        "GeoPermissions": null,
        "Rotation": null,
        "CountFaves": null,
        "CountComments": null,
        "DoesLargeExist": false,
        "DoesMediumExist": false
    }, {
        "Tags": [],
        "PhotoId": "16171473789",
        "UserId": "78282505@N03",
        "Secret": "fb1bc96b75",
        "Server": "7420",
        "Farm": "8",
        "Title": "Forestry machine",
        "IsPublic": true,
        "IsFriend": false,
        "IsFamily": false,
        "License": 0,
        "OriginalWidth": 0,
        "OriginalHeight": 0,
        "DateUploaded": "/Date(-62135578800000)/",
        "LastUpdated": "/Date(-62135578800000)/",
        "DateTaken": "/Date(-62135578800000)/",
        "DateAddedToGroup": null,
        "DateFavorited": null,
        "OwnerName": null,
        "IconServer": null,
        "IconFarm": null,
        "OriginalFormat": null,
        "OriginalSecret": null,
        "MachineTags": null,
        "WebUrl": "https://www.flickr.com/photos/78282505@N03/16171473789/",
        "SquareThumbnailUrl": "https://farm8.staticflickr.com/7420/16171473789_fb1bc96b75_s.jpg",
        "SquareThumbnailWidth": null,
        "SquareThumbnailHeight": null,
        "LargeSquareThumbnailUrl": "https://farm8.staticflickr.com/7420/16171473789_fb1bc96b75_q.jpg",
        "LargeSquareThumbnailWidth": null,
        "LargeSquareThumbnailHeight": null,
        "ThumbnailUrl": "https://farm8.staticflickr.com/7420/16171473789_fb1bc96b75_t.jpg",
        "ThumbnailWidth": null,
        "ThumbnailHeight": null,
        "SmallUrl": "https://farm8.staticflickr.com/7420/16171473789_fb1bc96b75_m.jpg",
        "SmallWidth": null,
        "SmallHeight": null,
        "Small320Url": "https://farm8.staticflickr.com/7420/16171473789_fb1bc96b75_n.jpg",
        "Small320Width": null,
        "Small320Height": null,
        "Medium640Url": "https://farm8.staticflickr.com/7420/16171473789_fb1bc96b75_z.jpg",
        "Medium640Width": null,
        "Medium640Height": null,
        "Medium800Url": "https://farm8.staticflickr.com/7420/16171473789_fb1bc96b75_z.jpg",
        "Medium800Width": null,
        "Medium800Height": null,
        "Large1600Url": null,
        "Large1600Width": null,
        "Large1600Height": null,
        "Large2048Url": null,
        "Large2048Width": null,
        "Large2048Height": null,
        "MediumUrl": "https://farm8.staticflickr.com/7420/16171473789_fb1bc96b75.jpg",
        "MediumWidth": null,
        "MediumHeight": null,
        "LargeUrl": "https://farm8.staticflickr.com/7420/16171473789_fb1bc96b75_b.jpg",
        "LargeWidth": null,
        "LargeHeight": null,
        "OriginalUrl": null,
        "Latitude": 0,
        "Longitude": 0,
        "PlaceId": null,
        "WoeId": null,
        "Accuracy": 0,
        "GeoContext": null,
        "CanComment": null,
        "CanPrint": null,
        "CanDownload": null,
        "CanAddMeta": null,
        "CanBlog": null,
        "CanShare": null,
        "Views": null,
        "Media": null,
        "PathAlias": null,
        "MediaStatus": null,
        "Description": null,
        "GeoPermissions": null,
        "Rotation": null,
        "CountFaves": null,
        "CountComments": null,
        "DoesLargeExist": false,
        "DoesMediumExist": false
    }, {
        "Tags": [],
        "PhotoId": "16171795117",
        "UserId": "78282505@N03",
        "Secret": "4c265d9f21",
        "Server": "7311",
        "Farm": "8",
        "Title": "Close up of logs",
        "IsPublic": true,
        "IsFriend": false,
        "IsFamily": false,
        "License": 0,
        "OriginalWidth": 0,
        "OriginalHeight": 0,
        "DateUploaded": "/Date(-62135578800000)/",
        "LastUpdated": "/Date(-62135578800000)/",
        "DateTaken": "/Date(-62135578800000)/",
        "DateAddedToGroup": null,
        "DateFavorited": null,
        "OwnerName": null,
        "IconServer": null,
        "IconFarm": null,
        "OriginalFormat": null,
        "OriginalSecret": null,
        "MachineTags": null,
        "WebUrl": "https://www.flickr.com/photos/78282505@N03/16171795117/",
        "SquareThumbnailUrl": "https://farm8.staticflickr.com/7311/16171795117_4c265d9f21_s.jpg",
        "SquareThumbnailWidth": null,
        "SquareThumbnailHeight": null,
        "LargeSquareThumbnailUrl": "https://farm8.staticflickr.com/7311/16171795117_4c265d9f21_q.jpg",
        "LargeSquareThumbnailWidth": null,
        "LargeSquareThumbnailHeight": null,
        "ThumbnailUrl": "https://farm8.staticflickr.com/7311/16171795117_4c265d9f21_t.jpg",
        "ThumbnailWidth": null,
        "ThumbnailHeight": null,
        "SmallUrl": "https://farm8.staticflickr.com/7311/16171795117_4c265d9f21_m.jpg",
        "SmallWidth": null,
        "SmallHeight": null,
        "Small320Url": "https://farm8.staticflickr.com/7311/16171795117_4c265d9f21_n.jpg",
        "Small320Width": null,
        "Small320Height": null,
        "Medium640Url": "https://farm8.staticflickr.com/7311/16171795117_4c265d9f21_z.jpg",
        "Medium640Width": null,
        "Medium640Height": null,
        "Medium800Url": "https://farm8.staticflickr.com/7311/16171795117_4c265d9f21_z.jpg",
        "Medium800Width": null,
        "Medium800Height": null,
        "Large1600Url": null,
        "Large1600Width": null,
        "Large1600Height": null,
        "Large2048Url": null,
        "Large2048Width": null,
        "Large2048Height": null,
        "MediumUrl": "https://farm8.staticflickr.com/7311/16171795117_4c265d9f21.jpg",
        "MediumWidth": null,
        "MediumHeight": null,
        "LargeUrl": "https://farm8.staticflickr.com/7311/16171795117_4c265d9f21_b.jpg",
        "LargeWidth": null,
        "LargeHeight": null,
        "OriginalUrl": null,
        "Latitude": 0,
        "Longitude": 0,
        "PlaceId": null,
        "WoeId": null,
        "Accuracy": 0,
        "GeoContext": null,
        "CanComment": null,
        "CanPrint": null,
        "CanDownload": null,
        "CanAddMeta": null,
        "CanBlog": null,
        "CanShare": null,
        "Views": null,
        "Media": null,
        "PathAlias": null,
        "MediaStatus": null,
        "Description": null,
        "GeoPermissions": null,
        "Rotation": null,
        "CountFaves": null,
        "CountComments": null,
        "DoesLargeExist": false,
        "DoesMediumExist": false
    }, {
        "Tags": [],
        "PhotoId": "16356008041",
        "UserId": "10797169@N00",
        "Secret": "9db2606a57",
        "Server": "7456",
        "Farm": "8",
        "Title": "snowy morning",
        "IsPublic": true,
        "IsFriend": false,
        "IsFamily": false,
        "License": 0,
        "OriginalWidth": 0,
        "OriginalHeight": 0,
        "DateUploaded": "/Date(-62135578800000)/",
        "LastUpdated": "/Date(-62135578800000)/",
        "DateTaken": "/Date(-62135578800000)/",
        "DateAddedToGroup": null,
        "DateFavorited": null,
        "OwnerName": null,
        "IconServer": null,
        "IconFarm": null,
        "OriginalFormat": null,
        "OriginalSecret": null,
        "MachineTags": null,
        "WebUrl": "https://www.flickr.com/photos/10797169@N00/16356008041/",
        "SquareThumbnailUrl": "https://farm8.staticflickr.com/7456/16356008041_9db2606a57_s.jpg",
        "SquareThumbnailWidth": null,
        "SquareThumbnailHeight": null,
        "LargeSquareThumbnailUrl": "https://farm8.staticflickr.com/7456/16356008041_9db2606a57_q.jpg",
        "LargeSquareThumbnailWidth": null,
        "LargeSquareThumbnailHeight": null,
        "ThumbnailUrl": "https://farm8.staticflickr.com/7456/16356008041_9db2606a57_t.jpg",
        "ThumbnailWidth": null,
        "ThumbnailHeight": null,
        "SmallUrl": "https://farm8.staticflickr.com/7456/16356008041_9db2606a57_m.jpg",
        "SmallWidth": null,
        "SmallHeight": null,
        "Small320Url": "https://farm8.staticflickr.com/7456/16356008041_9db2606a57_n.jpg",
        "Small320Width": null,
        "Small320Height": null,
        "Medium640Url": "https://farm8.staticflickr.com/7456/16356008041_9db2606a57_z.jpg",
        "Medium640Width": null,
        "Medium640Height": null,
        "Medium800Url": "https://farm8.staticflickr.com/7456/16356008041_9db2606a57_z.jpg",
        "Medium800Width": null,
        "Medium800Height": null,
        "Large1600Url": null,
        "Large1600Width": null,
        "Large1600Height": null,
        "Large2048Url": null,
        "Large2048Width": null,
        "Large2048Height": null,
        "MediumUrl": "https://farm8.staticflickr.com/7456/16356008041_9db2606a57.jpg",
        "MediumWidth": null,
        "MediumHeight": null,
        "LargeUrl": "https://farm8.staticflickr.com/7456/16356008041_9db2606a57_b.jpg",
        "LargeWidth": null,
        "LargeHeight": null,
        "OriginalUrl": null,
        "Latitude": 0,
        "Longitude": 0,
        "PlaceId": null,
        "WoeId": null,
        "Accuracy": 0,
        "GeoContext": null,
        "CanComment": null,
        "CanPrint": null,
        "CanDownload": null,
        "CanAddMeta": null,
        "CanBlog": null,
        "CanShare": null,
        "Views": null,
        "Media": null,
        "PathAlias": null,
        "MediaStatus": null,
        "Description": null,
        "GeoPermissions": null,
        "Rotation": null,
        "CountFaves": null,
        "CountComments": null,
        "DoesLargeExist": false,
        "DoesMediumExist": false
    }]
}
